{
    "loss": 0.7616251707077026,
    "accuracy": 0.931034505367279
}