{
    "loss": 0.7266030311584473,
    "accuracy": 0.9224137663841248
}